{
  "gen": 0,
  "ic_pass": 0,
  "ic_cursor_after_select": 1000,
  "bi_xmin": -0.23686924071821405,
  "bi_xmax": 0.0,
  "t_final_internal": 127.01559859177797
}